Lab Code,Lab Agency Name,Lab City/State
CA1,California Department of Food & Agriculture,"Sacramento, CA"
FL1,Florida Dept of Agriculture & Consumer Services,"Tallahassee, FL"
MI1,Michigan Dept of Agriculture & Rural Development,"East Lansing, MI"
NY1,New York Department of Agriculture and Markets,"Albany, NY"
OH1,Ohio Department of Agriculture,"Reynoldsburg, OH"
TX1,Texas Department of Agriculture,"College Station, TX"
US2,"USDA, AMS, National Science Laboratory","Gastonia, NC"
WA1,Washington State Department of Agriculture,"Yakima, WA"